{
  "train_loss": 0.015144121392137215,
  "accuracy": 0.9529580152671756,
  "precision": 0.9489806478319363,
  "recall": 1.0,
  "f1": 0.9738225455317793
}