{
  "train_loss": 0.23878323225577672,
  "accuracy": 0.8871183206106871,
  "precision": 0.8857336037863421,
  "recall": 1.0,
  "f1": 0.9394048045894586
}