{
  "train_loss": 0.02181368255667233,
  "accuracy": 0.9293893129770993,
  "precision": 0.9253279515640767,
  "recall": 1.0,
  "f1": 0.9612159329140462
}