{
  "train_loss": 0.030877844072909406,
  "accuracy": 0.9321564885496183,
  "precision": 0.9280437202712276,
  "recall": 1.0,
  "f1": 0.9626791244554092
}