{
  "train_loss": 0.026818753186582278,
  "accuracy": 0.9451335877862596,
  "precision": 0.9409953822473063,
  "recall": 1.0,
  "f1": 0.9696008458895057
}