{
  "train_loss": 0.03978941303094228,
  "accuracy": 0.9342557251908397,
  "precision": 0.9301146160868242,
  "recall": 1.0,
  "f1": 0.9637921067843818
}