{
  "train_loss": 0.015792330483397624,
  "accuracy": 0.9580152671755725,
  "precision": 0.9542143600416233,
  "recall": 1.0,
  "f1": 0.9765708200212992
}