{
  "train_loss": 0.08350572232250124,
  "accuracy": 0.9058206106870229,
  "precision": 0.9028256374913852,
  "recall": 1.0,
  "f1": 0.9489315465411083
}