{
  "train_loss": 0.052422032359056174,
  "accuracy": 0.9257633587786259,
  "precision": 0.9217933252915159,
  "recall": 1.0,
  "f1": 0.9593053666701538
}