{
  "train_loss": 0.020500729022891028,
  "accuracy": 0.958969465648855,
  "precision": 0.9552083333333333,
  "recall": 1.0,
  "f1": 0.9770911028236547
}