{
  "train_loss": 0.019002407643047628,
  "accuracy": 0.9375,
  "precision": 0.9333333333333333,
  "recall": 1.0,
  "f1": 0.9655172413793104
}