{
  "train_loss": 0.24350641298095385,
  "accuracy": 0.6651399491094148,
  "precision": 0.9743341404358353,
  "recall": 0.6143511450381679,
  "f1": 0.753558052434457
}