{
  "train_loss": 0.19921539789934953,
  "accuracy": 0.43765903307888043,
  "precision": 0.9916897506925207,
  "recall": 0.3279389312977099,
  "f1": 0.4928866452501147
}