{
  "train_loss": 0.3905591523249944,
  "accuracy": 0.6740458015267176,
  "precision": 0.9731846226862838,
  "recall": 0.6261068702290077,
  "f1": 0.761984392419175
}