{
  "train_loss": 0.1744502469057838,
  "accuracy": 0.5707379134860051,
  "precision": 0.9898210980876002,
  "recall": 0.4899236641221374,
  "f1": 0.6554330065359477
}