{
  "train_loss": 0.5562112294137478,
  "accuracy": 0.835,
  "precision": 0.835,
  "recall": 1.0,
  "f1": 0.9100817438692098
}