{
  "train_loss": 0.25070730368494987,
  "accuracy": 0.8716284987277354,
  "precision": 0.9293351929335193,
  "recall": 0.9155725190839694,
  "f1": 0.9224025224948089
}