{
  "train_loss": 0.19108702449500561,
  "accuracy": 0.6996183206106871,
  "precision": 0.9798396334478808,
  "recall": 0.6529770992366413,
  "f1": 0.7836921667430142
}