{
  "train_loss": 0.2231208036740621,
  "accuracy": 0.8185750636132315,
  "precision": 0.956359102244389,
  "recall": 0.8196946564885497,
  "f1": 0.8827688260440645
}