{
  "train_loss": 0.38877750740845995,
  "accuracy": 0.8558524173027989,
  "precision": 0.853451650789508,
  "recall": 0.9984732824427481,
  "f1": 0.920284246816295
}