{
  "train_loss": 0.4529767885367076,
  "accuracy": 0.8333333333333334,
  "precision": 0.8333333333333334,
  "recall": 1.0,
  "f1": 0.9090909090909091
}