{
  "train_loss": 0.20514734231829643,
  "accuracy": 0.7404580152671756,
  "precision": 0.9688149688149689,
  "recall": 0.7114503816793893,
  "f1": 0.8204225352112676
}