{
  "train_loss": 0.29426053278048836,
  "accuracy": 0.7067430025445293,
  "precision": 0.9686465003311989,
  "recall": 0.6697709923664122,
  "f1": 0.7919487318350031
}