{
  "train_loss": 0.25176123110453286,
  "accuracy": 0.45467557251908397,
  "precision": 0.997408580477973,
  "recall": 0.3777535441657579,
  "f1": 0.547971209364866
}