{
  "train_loss": 0.17942332790195942,
  "accuracy": 0.2679389312977099,
  "precision": 0.9986684420772304,
  "recall": 0.16357688113413305,
  "f1": 0.2811094452773613
}