{
  "train_loss": 0.35906079198519386,
  "accuracy": 0.8931297709923665,
  "precision": 0.8912325038880249,
  "recall": 0.9998909487459106,
  "f1": 0.9424401274540035
}