{
  "train_loss": 0.20054906645417214,
  "accuracy": 0.3077290076335878,
  "precision": 0.9979199167966719,
  "recall": 0.20926935659760088,
  "f1": 0.345983953844767
}