{
  "train_loss": 0.1827622267883271,
  "accuracy": 0.895,
  "precision": 0.8928571428571429,
  "recall": 1.0,
  "f1": 0.9433962264150944
}