{
  "train_loss": 0.33473036903887987,
  "accuracy": 0.875,
  "precision": 0.875,
  "recall": 1.0,
  "f1": 0.9333333333333333
}